DotKhuon,NgayNhap,SX,Ghichu
 CM23.006,2023-03-23,CM,nhận 2 bộ khuôn mới và 1 bộ sửa
2018,,20,
2019,,20,
2020,2016-01-01,20,Khuôn Nhập Xếp giá Thắng sang-Từ lâu rồi.
AE22.001,201-11-09,AE,KHACH GUI 01 BO KHUON
AP20.001,2020-07-21,AP,1 bộ k - gửi.
AP20.002,2021-05-19,AP,2 bộ k - gửi.
AP21.002,2021-05-22,AP,1 bộ k - gửi.
AP21.003,2021-05-24,AP,1 bộ k - gửi.
AP21.004,2021-07-31,AP,1 bộ k - gửi.
AP21.005,2021-09-25,AP,2 bộ gửi theo HP21.018-25/9/21.
AP21.006,2021-12-20,AP,
AP22.001,2022-06-17,AP,
AP22.002,2022-09-30,AP,nhận 1 bộ khuôn
AP23.001,2023-03-27,AP,nhận 3 bộ khuôn
AP23.003,2023-06-13,AP,Nhận từ an phú gửi 3 bộ khuôn ( do daiko làm)
AS04,,AS,
AS18,2015-04-05,AS,
AS19,2000-10-13,AS,
AS45,2003-04-23,AS,
AS48,2003-07-14,AS,
AS51,,AS,
AU21.001,2021-07-15,AU,8 bộ - Khuôn gửi. Đã trả AuD 8 bộ -31/7/21.
AU21.002,2021-12-14,AU,7 bộ gửi.
BR00,,BR,Giang đưa kiểm tra 18/3/19
BR01,,BR,
BR02,,BR,
BR04,,BR,
BR05,2016-12-28,BR,
BR06,2017-01-11,BR,
BR08,2017-01-20,BR,12 bo khuon x1
BR09,,BR,
BR10,2017-02-11,BR,
BR100,2019-09-22,BR,
BR101,2019-10-07,BR,
BR102,2019-10-28,BR,BB:28/10/19
BR11,2017-02-18,BR,
BR12,2017-02-16,BR,
BR14,,BR,
BR15,,BR,
BR16,2017-03-23,BR,
BR17,2017-04-03,BR,
BR18,2017-04-10,BR,
BR19.011,2019-11-19,BR,Ký BB 9/12/19
BR19.012,2019-12-24,BR,23b+3 đệm ép
BR19.013,2020-01-08,BR,
BR20,2017-04-26,BR,
BR20.001,2020-02-18,BR,"Đã kê NT (NT Đợt 1-33 bộ k, 04 đệm-ko đạt 4 bộ)"
BR20.002,2020-03-22,BR,Đã kê NT(NT lần 2-14 bộ k-Ko đạt 2 bộ)
BR20.003,2020-03-26,BR,Đã kê NT(NT lần 3-Chưa đạt 1 bộ)
BR20.004,2020-03-27,BR,Đã kê NT(NT lần 3-Chưa đạt 1 bộ)
BR20.005,2020-04-09,BR,
BR20.006,2020-04-18,BR,13 BỘ +2 DAO
BR20.007,2020-04-22,BR,14 BỘ KHUÔN
BR20.008,2020-04-24,BR,13 bộ khuôn.
BR20.009,2020-04-27,BR,12 bộ khuôn
BR20.010,2020-05-09,BR,12 bộ + 1 bộ HP03-1-11 đền.
BR20.011,2020-05-14,BR,4 bộ. BH176/2019
BR20.012,2020-05-19,BR,7 bộ khuôn-BH1771/2019
BR20.013,2020-05-30,BR,Số: BH1825/2019-11 bộ khuôn (PL)
BR20.014,2020-06-04,BR,6 bộ. Số:BH1851/2019
BR20.015,2020-06-06,BR,No:BH1860/2019
BR20.016,2020-06-10,BR,BH1877/2019. 15 bộ khuôn PL
BR20.017,2020-06-20,BR,4 bộ
BR20.018,2020-06-26,BR,3 bộ khuôn. Phiếu: BH1965/2019
BR20.019,2020-07-08,BR,7 Bộ khuôn.Phiếu: BH2029/2019.
BR20.020,2020-07-18,BR,"3 bộ ..201A+2 bộ ..201B -13,14 sửa lại ke."
BR20.021,2020-08-05,BR,8 bộ; Hùng Km nhận-Ký với bảo vệ.
BR20.022,2020-08-12,BR,14 bộ. Hùng Km nhận.
BR20.023,2020-08-17,BR,15 bộ-14 bộ thuộc đơn BR010/20. Ô. Hùng Km nhận.
BR20.024,2020-08-21,BR,Sp:BH2229/2019-4 bộ.
BR20.025,2020-09-11,BR,"21 bộ-04 bộ khuôn sửa-bảo hành. (8801G-8,VIC55101-38,39,40)"
BR20.026,2020-09-17,BR,9 bộ - BH2324/2019
BR20.027,2020-09-22,BR,2 bộ khuôn.
BR20.028,2020-09-26,BR,6 bộ khuôn-2 đệm khuôn.
BR20.029,2020-09-30,BR,2 bộ.
BR20.030,2020-10-06,BR,6 bộ khuôn + O1 bộ dụng cụ sửa khuôn.
BR20.031,2020-10-07,BR,2 bộ SLAD-Không giấy tờ (về đêm-chụp ảnh sổ bảo vệ)
BR20.032,2020-10-11,BR,"Kê 11 bộ - Có 02 bộ đã về đợt 031 (SLAD01-15,17)"
BR20.033,2020-10-13,BR,11 BỘ.
BR20.034,2020-10-15,BR,9 bộ.
BR20.035,2020-10-16,BR,7 bộ khuôn +3 đệm chuyên dùng.
BR20.036,2020-10-22,BR,11 bộ khuôn + 01 bộ dụng cụ SK - Hùng còm nhận.
BR20.037,2020-10-23,BR,"10 bộ khuôn, trả sửa bảo hành: SLAD01-11, Đệm khuôn 1350-BOL-AD01."
BR20.038,2020-10-28,BR,3 bộ khuôn.
BR20.039,2020-10-30,BR,6 bộ khuôn+01 đệm NS031
BR20.040,2020-11-01,BR,2 Phiếu: BH2536/2019-6 bộ + 2538/2019-1 bộ.
BR20.041,2020-11-04,BR,"5 bộ khuôn, 01 bộ SLAD01-21- khuôn bảo hành."
BR20.042,2020-11-07,BR,2 Phiếu-8 bộ khuôn-Khuôn sửa NS016-1.
BR20.043,2020-11-13,BR,2 bộ khuôn và 01 đệm VIC125.
BR20.044,2020-11-14,BR,6 bộ.
BR20.045,2020-11-17,BR,"6 bộ khuôn - 2 phiếu, 01 đệm SLSN14."
BR20.046,2020-11-19,BR,2 bộ khuôn -02 đệm khuôn.
BR20.047,2020-11-21,BR,3 bộ
BR20.048,2020-11-25,BR,2 bộ.
BR20.049,2020-11-29,BR,2 bộ SL01.
BR20.050,2020-12-01,BR,7 bộ khuôn.
BR20.051,2020-12-15,BR,"13 bộ khuôn, 01 đệm 1350, 01 bộ dụng cụ sửa khuôn- Việt km nhận."
BR20.052,2020-12-17,BR,16 bộ.
BR20.053,2020-12-19,BR,
BR20.054,2020-12-24,BR,2 bộ.
BR20.055,2020-12-28,BR,1 bộ
BR21,2017-05-17,BR,
BR21.001,2021-01-05,BR,2 bộ khuôn - 01 đệm khuôn chuyên dùng-Đệm 1350 (đền) - AE017 sửa đực.
BR21.002,2021-01-15,BR,5 bộ.
BR21.003,2021-01-19,BR,3 BỘ
BR21.004,2021-01-21,BR,12 bộ khuôn. BH0081/2021
BR21.005,2021-01-23,BR,2 bộ khuôn.
BR21.006,2021-01-29,BR,9 bộ khuôn.
BR21.007,2021-02-19,BR,6 bộ khuôn + 01 đệm CD SN8810A.
BR21.008,2021-02-24,BR,"11 bộ khuôn, 1 áo khuôn 638, 4 đệm CD."
BR21.009,2021-03-02,BR,15 bộ + trả bảo hành VIC03NT-4 + 3 đệm EKF1350.
BR21.010,2021-03-05,BR,1 bộ khuôn; 02 thùng ép 1250-1 cái đã thay lõi. Thắng Ruồi cầm phiếu giao.
BR21.011,2021-03-11,BR,"17 bộ khuôn, 01 đệm CD. Bảo hành 100%."
BR21.012,2021-03-15,BR,Boả hành 100%.-9 bộ khuôn.
BR21.013,2021-03-17,BR,10 Bộ khuôn + 01 đệm CD + CGA05-1(BG-đền) + EKFTD02-Sửa.
BR21.014,2021-03-18,BR,2 bộ khuôn + 01 đệm CD.
BR21.015,2021-03-20,BR,2 bộ khuôn - 02 đệm chuyên dùng - 01 đệm Cần ép 802.
BR21.016,2021-04-01,BR,6 bộ khuôn+2 đệm CD. BOLVIC55301B & BOLVIC125.
BR21.017,2021-04-02,BR,9 bộ khuôn.
BR21.018,2021-04-09,BR,10bộ khuôn + 01 đệm CD + 01 BG SN8851M-1 bảo hành
BR21.019,2021-04-10,BR,8 bộ khuôn + 1 đệm CD.
BR21.020,2021-04-10,BR,3 bộ khuôn + 01 Phiếu giao HN19-1-đợt BR21.019
BR21.021,2021-04-12,BR,2 bộ khuôn.
BR21.022,2021-04-15,BR,2 bộ khuôn.
BR21.023,2021-04-19,BR,11 bộ khuôn + 01 đệm CD.
BR21.024,2021-04-22,BR,22 bộ khuôn.
BR21.025,2021-04-23,BR,2 bộ khuôn + 02 khuôn CGA02E-CGA03E sửa.
BR21.026,2021-04-24,BR,2 phiếu giao: 12 bộ khuôn-thùng ép 801-D156.8 mm
BR21.027,2021-04-28,BR,6 bộ khuôn + DI001-1(bảo hành BG)
BR21.028,2021-05-07,BR,"Về 02 bộ khuôn mới + 02 Khuôn 55101B-4,5 sửa (do mỏng quá)."
BR21.029,2021-05-08,BR,"3 bộ khuôn mới + (VIC55201A-55,SN8852-7,VIC01NT-4) - Bảo hành."
BR21.030,2021-05-10,BR,7 bộ khuôn + 01 đệm VICPG051.
BR21.031,2021-05-15,BR,14 bộ.
BR21.032,2021-05-18,BR,1 bộ.
BR21.033,2021-05-20,BR,"11 bộ khuôn +Nòng Máy -2 cái + 2 khuôn sửa 55101B-(4,5)"
BR21.034,2021-05-22,BR,4 bộ khuôn. 01 khuôn BH 3050-2.(Die)
BR21.035,2021-05-26,BR,7 bộ khuôn + CGA16E-1 bảo hành.
BR21.036,2021-05-29,BR,11 bộ-trả BH 1 bộ SN8852A-8
BR21.037,2021-05-31,BR,Nhận 6 bộ khuôn.
BR21.038,2021-06-05,BR,3 bộ.
BR21.039,2021-06-07,BR, Về 3 bộ khuôn.
BR21.040,2021-06-09,BR,21 bộ khuôn.
BR21.041,2021-06-17,BR,5 bộ khuôn.
BR21.042,2021-06-22,BR,9 bộ khuôn.
BR21.043,2021-06-24,BR,3 bộ khuôn.
BR21.044,2021-06-27,BR,5 Bộ Khuôn.
BR21.045,2021-07-01,BR,9 bộ khuôn.
BR21.046,2021-07-03,BR,2 bộ khuôn.
BR21.047,2021-07-09,BR,1 bộ.
BR21.048,2021-07-16,BR,2 bộ khuôn-2 đệm CD
BR21.049,2021-07-20,BR,6 bộ khuôn.(Trường Km nhận)
BR21.050,2021-07-23,BR,15 bộ khuôn.
BR21.051,2021-07-28,BR,4 bộ khuôn + 01 mảnh F5016A.
BR21.052,2021-07-31,BR,13 Bộ.
BR21.053,2021-08-03,BR,5 bộ khuôn.
BR21.054,2021-08-05,BR,3 bộ khuôn + 704E-508(BH)
BR21.055,2021-08-07,BR,6 bộ khuôn.
BR21.056,2021-08-15,BR,7 bộ km + 01 BG CGA14 + 01 Đệm CD + 01 Khuôn sửa DA55D-1.
BR21.057,2021-08-17,BR,6 bộ.
BR21.058,2021-08-21,BR,10 bộ.
BR21.059,2021-09-01,BR,6 bộ khuôn.
BR21.060,2021-09-12,BR,2 bộ-Giấy Hùng Km giữ.
BR21.061,2021-09-15,BR,4 bộ.
BR21.062,2021-09-22,BR,4 bộ khuôn.
BR21.063,2021-09-26,BR,5 bộ (Thắng R báo)
BR21.064,2021-09-27,BR,Đầu trục ép.
BR21.065,2021-10-01,BR,17 bộ.
BR21.066,2021-10-06,BR,Thùng 1250T + SCV01-2.
BR21.067,2021-10-08,BR,12 bộ khuôn.
BR21.068,2021-10-13,BR,10 bộ
BR21.069,2021-10-17,BR,6 bộ
BR21.070,2021-10-20,BR,3 bộ-Chưa có giấy.
BR21.071,2021-10-21,BR,8 bộ.
BR21.072,2021-10-23,BR,8 bộ
BR21.073,2021-10-26,BR,
BR21.074,2021-10-30,BR,
BR21.075,2021-11-06,BR,1 bộ
BR21.076,2021-11-13,BR,"Vào thứ 7-nghỉ, ko đo dc độ cứng."
BR21.077,2021-11-20,BR,
BR21.078,2021-11-24,BR,
BR21.079,2021-11-30,BR,Về chiều tối 29/11/21.Khuôn đã mang nitơ-Chưa kt độ cứng (9h00-30/11/21)
BR21.080,2021-12-04,BR,
BR21.081,2021-12-11,BR,"01 bộ khuôn mới-Trả DQA009N-5(đổi cái mới)+Trả 2 cái DQA009N cũ-sai kích thước. Trả 02 bộ VIC55101B-(8,9)"
BR21.082,2021-12-18,BR,
BR21.083,2021-12-24,BR,2 BỘ KHUÔN MỚI + KHUÔN SỬA CGA03E-3
BR21.084,2021-12-28,BR,10 bộ khuôn +03 khuôn CAS sửa.
BR21.085,2021-12-31,BR,
BR22,2017-05-22,BR,
BR22.001,2022-01-08,BR,
BR22.002,2022-01-11,BR,
BR22.003,2022-01-18,BR,
BR22.004,2022-01-21,BR,
BR22.005,2022-01-25,BR,
BR22.006,2022-02-12,BR,
BR22.007,2022-02-15,BR,
BR22.008,2022-02-19,BR,
BR22.009,2022-02-23,BR,
BR22.010,2022-03-02,BR,Thắng Ruồi mang về.
BR22.011,2022-03-05,BR,
BR22.012,2022-03-10,BR,
BR22.013,2022-03-14,BR,
BR22.014,2022-03-18,BR,
BR22.015,2022-03-21,BR,
BR22.016,2022-03-25,BR,
BR22.017,2022-03-30,BR,
BR22.018,2022-04-08,BR,
BR22.019,2022-04-15,BR,
BR22.020,2022-05-10,BR,
BR22.021,2022-05-29,BR,
BR22.022,2022-06-04,BR,
BR22.023,2022-06-21,BR,
BR22.025,2022-07-06,BR,
BR22.026,2022-09-09,BR,
BR22.028,2022-10-14,BR,3 bộ khuôn
BR22.029,2022-10-15,BR,7 BỘ
BR22.030,2022-11-02,BR,
BR22.031,2022-11-17,BR,2 BỘ KHUÔN
BR22.032,2022-11-25,BR,14 bo khuon
BR22.033,2022-11-28,BR,
BR22.034,2022-12-02,BR,
BR22.035,2022-12-17,BR,NHAN 3 BO KHuon
BR22.036,2022-12-22,BR,nhận 3 bộ khuôn
BR22.037,2022-12-26,BR,
BR23,2017-05-26,BR,
BR23.001,2023-01-03,BR,5 bộ khuôn mơi và 1 khuôn sửa
BR23.002,2023-01-10,BR,nhận 6 bộ khuôn
BR23.003,2023-01-11,BR,NHẬN 2 BỘ KHUÔN MỚI VÀ 1 BỘ ae035 SỬA
BR23.004,2023-01-14,BR,nhận 1 bộ khuôn APVS10M-2( khuon cũ bị vỡ làm lại 1 mảnh
BR23.005,2023-01-31,BR,nhận 9 bộ khuôn
BR23.006,2023-02-06,BR,nhận 5 bộ khuôn mới và 1 bộ sửa
BR23.007,2023-02-09,BR,nhận 7 bộ khuôn
BR23.008,2023-02-27,BR,nhận 6 bộ mới và 1 bộ sửa
BR23.009,2023-03-03,BR,nhận 6 bộ khuôn
BR23.010,2023-03-09,BR,nhận 1 bộ khuôn mới
BR23.011,2023-03-24,BR,NHẬN 8 BỘ KHUÔN
BR23.012,2023-04-05,BR,
BR23.013,2023-04-10,BR,
BR23.014,2023-04-26,BR,
BR24,,BR,
BR25,2017-06-06,BR,
BR26,2017-06-24,BR,
BR27,,BR,
BR28,2017-07-07,BR,
BR29,2017-07-11,BR,
BR30,,BR,
BR31,,BR,
BR32,2017-08-06,BR,
BR33,,BR,
BR34,2017-08-17,BR,
BR35,2017-08-22,BR,
BR36,,BR,
BR37,,BR,
BR38,2017-09-30,BR,
BR39,2017-10-24,BR,
BR40,,BR,
BR41,2017-11-12,BR,
BR42,2017-11-14,BR,
BR43,,BR,
BR44,2017-12-01,BR,
BR45,2017-12-15,BR,
BR46,2017-12-23,BR,
BR47,2018-01-04,BR,
br48,2018-01-21,br,
BR49,2018-01-29,BR,
BR50,2018-02-03,BR,
BR51,2018-02-08,BR,
BR52,2018-03-09,BR,
BR53,2018-04-04,BR,
BR54,,BR,
BR55,2018-04-13,BR,
BR56,2018-04-24,BR,
BR57,2018-05-10,BR,
BR58,2018-05-24,BR,
BR59,2018-06-10,BR,
BR60,2018-06-20,BR,
BR61,,BR,
BR62,,BR,
BR63,,BR,
BR65,2018-08-09,BR,
BR67,2018-08-16,BR,
BR68,2018-08-27,BR,
BR69,2018-09-06,BR,
BR70,2018-09-09,BR,
BR71,2018-09-15,BR,
BR72,2018-09-19,BR,
BR73,2018-09-29,BR,
BR74,2018-10-05,BR,
BR75,2018-10-08,BR,
BR76,2018-10-24,BR,
BR77,2018-11-20,BR,
BR78,2018-11-23,BR,
BR79,2018-12-25,BR,
BR80,2019-01-18,BR,
BR81,2019-03-06,BR,
BR82,2019-03-19,BR,
BR83,2019-03-21,BR,
BR84,2019-04-02,BR,
BR85,2019-04-07,BR,
BR86,,BR,
BR87,2019-04-16,BR,
BR88,2019-04-17,BR,
BR89,2019-04-21,BR,
BR90,2019-05-13,BR,
BR91,2019-05-16,BR,
BR92,2019-05-26,BR,
BR93,2019-06-20,BR,
BR94,2019-07-05,BR,
BR95,2019-07-26,BR,
BR96,2019-08-13,BR,ngày 19/8/19 Thắng mới đưa BB
BR97,2019-08-19,BR,5 bộ + 1 đệm 638
BR98,2019-09-03,BR,BB 14h30 3/9/19 -Thắng đã nhận (ký 6/9/19)
BR99,2019-09-19,BR,Thắng đưa ký: 20/9/19; không có VIC55201A-32-11
CA22.001,2022-06-17,CA,Khuôn gửi
CA22.002,,,
CA22.003,2022-10-17,ca,KHÁCH GỬI 2 BỘ KHUÔN
CB15,2015-02-28,CB,Vào những khuôn chưa biết
CB16,2016-08-06,CB,vao nhung khuon chua biet dot tu thang 8/16
CB17,2017-02-25,CB,vao nhung khuon 2017
CB18,2018-01-03,CB,
CB19,2019-01-01,CB,Vao tam nhung khuon chua biet dot nam 2019
CB22.001,,CB,vào tạm nhưng khuôn chưa biết
CM21.001,2021-06-10,CM,
CM21.002,2021-06-14,CM,4 bộ khuôn.
CM21.003,2021-06-16,,1 bộ khuôn.
CM21.004,2021-07-09,CM,10 bộ khuôn-Trường Km nhận kê (ko có giấy tờ)
CM21.005,2021-07-13,CM,1 bộ + 1 bộ DQ1542-1(khuôn sửa - Trả).(chưa có giấy)
CM21.006,2021-07-15,CM,02 bộ khuôn-Ko giấy giao.
CM21.007,2021-07-19,CM,2 bộ khuôn mới -01 bộ TH31-C2
CM21.008,2021-07-31,CM,3 phiếu: (087-087) - 5 bộ khuôn + 090-Khuôn bù DQ1542-1; 087-Khuôn gửi:(P111-1) của An phú.
CM21.009,2021-08-06,CM,02 bộ khuôn mới.
CM21.010,2021-08-20,CM,2 bộ+ 01 đệm CD.
CM21.011,2021-08-22,CM,9 bộ.
CM21.012,2021-08-26,CM,8 bộ.
CM21.013,2021-08-30,CM,6 bộ khuôn + 01 đệm.
CM21.014,2021-09-01,CM,7 bộ khuôn - Thắng KD gửi - Km chưa xác nhận.
CM21.015,2021-09-09,CM,8 bộ khuôn.
CM21.016,2021-09-15,CM,3 bộ khuôn.
CM21.017,2021-09-26,CM,"1 bộ khuôn + 2 đệm ép 6"" + 01 Áo khuôn 800 (sửa) + Đệm khuôn 1350(sửa)."
CM21.018,2021-09-27,CM,1 bộ khuôn.
CM21.019,2021-09-30,CM,6 bộ.
CM21.020,2021-10-08,CM,11 bộ khuôn
CM21.021,2021-10-15,CM,7 bộ.
CM21.022,2021-10-19,CM,2 bộ.
CM21.023,2021-10-26,CM,
CM21.024,2021-10-28,CM,9 bộ khuôn mới + TH31-14 sửa
CM21.025,2021-11-08,CM,9 bộ khuôn.
CM21.026,2021-11-13,CM,
CM21.027,2021-11-20,CM,
CM21.028,2021-11-26,CM,
CM21.029,2021-12-04,CM,
CM21.030,2021-12-10,CM,
CM21.031,2021-12-14,CM,3 bộ
CM21.032,2021-12-31,CM,
CM22.001,2022-01-07,CM,
CM22.002,2022-01-14,CM,
CM22.003,2022-01-22,CM,1 bộ + 1 trả bộ IMER162-1
CM22.004,2022-02-14,CM,TGĐ Phước mang lên.
CM22.005,2022-02-23,CM,
CM22.006,2022-02-28,CM,
CM22.007,2022-03-05,CM,
CM22.008,2022-03-08,CM,
CM22.009,2022-03-12,CM,
CM22.010,2022-03-16,CM,
CM22.011,2022-03-17,CM,"7 bộ mới +3 bộ sửa: 55101B-(10,11), ONEN03-2"
CM22.012,2022-03-21,CM,
CM22.013,2022-04-09,CM,
CM22.014,2022-04-17,CM,
CM22.015,2022-04-26,CM,
CM22.016,2022-05-07,CM,
CM22.017,2022-05-15,CM,
CM22.018,2022-05-18,CM,
CM22.019,2022-05-25,CM,
CM22.020,2022-06-02,CM,
CM22.021,2022-06-05,CM,
CM22.022,2022-06-10,CM,
CM22.023,2022-06-14,CM,
CM22.024,2022-06-17,CM,
CM22.025,2022-06-24,CM,
CM22.026,2022-07-06,CM,
CM22.027,2022-07-18,CM,
CM22.028,2022-07-19,CM,
CM22.029,2022-07-22,CM,
CM22.030,2022-07-26,CM,
CM22.031,2022-07-29,CM,
CM22.032,2022-07-29,CM,2 bộ.
CM22.033,2022-08-06,CM,19 bộ-1 đệm TLG2202 (APU06)
CM22.034,2022-08-13,CM,3 bộ mới + phiếu SCLMK01-1 -bảo hành
CM22.035,2022-08-18,CM,
CM22.036,2022-08-27,CM,
CM22.037,2022-09-06,CM,NHẬN 4 BỘ KHUÔN
CM22.038,2022-09-09,CM,
CM22.039,2022-09-17,CM,NHẬN 1 BỘ KHUÔN
CM22.040,2022-09-29,CM,
CM22.041,2022-09-30,CM,NHAN 1 BO KHUON
CM22.042,2022-10-11,CM,9 BỘ
CM22.043,2022-10-12,CM,4 BỘ
CM22.044,2022-11-02,CM,
CM22.045,2022-11-04,CM,
CM22.046,2022-11-05,CM,
CM22.047,2022-11-12,CM,
CM22.048,2022-11-16,CM,gui 1 bo THPK06
CM22.049,2022-12-10,CM,
CM22.050,2022-12-16,CM,Nhận mới 5 bộ khuôn và 2 bộ sửa
CM22.051,2022-12-22,CM,NHẬN 3 BỘ KHUÔN
CM22.052,2022-12-17,CM,01 bo khuon
CM22.053,2022-12-30,CM,
CM22.054,2022-08-31,LT,
CM23.001,2023-02-11,CM,nhận 6 bộ
CM23.002,2023-02-18,CM,nhận 4 bộ khuôn
CM23.003,2023-02-20,CM,nhận 4 bộ
CM23.004,2023-03-07,CM,Nhận 5 bộ khuôn mới
CM23.005,2023-03-13,CM,nhận 1 bộ khuôn
CM23.007,2023-03-30,CM,
CM23.008,2023-04-07,CM,
CM23.009,2023-04-11,CM,
CM23.010,2023-04-13,CM,
CM23.011,2023-04-27,CM,
CM23.012,2023-05-09,CM,
CM23.013,2023-05-11,CM,nhận 2 bộ khuôn
CM23.014,2023-05-17,CM,
CM23.015,2023-05-20,CM,
CM23.016,2023-05-23,CM,
CM23.017,2023-05-26,CM,
CM23.018,2023-05-29,CM,
CM23.020,2023-05-30,CM,
CM23.021,2023-06-03,CM,
CM23.022,2023-06-12,CM,
CM23.023,2023-06-15,CM,nhận 2 bộ mới
CM23.025,2023-06-22,CM,
CM23.026,2023-06-27,CM,
CM23.027,2023-06-28,CM,
CM23.028,2023-07-01,CM,
CM23.030,2023-07-11,CM,
CM23.031,2023-07-14,CM,
CM23/024,2023-06-20,CM,NHẬN 12 BỘ KHUÔN
CU-CQ,2019-07-01,CU,
CU-HUYNDAI,2019-07-01,CU,
CU-MY,2019-07-01,CU,
CU-PT,2019-07-01,CU,
CU-T.LAN,2019-07-01,CU,
DA02,2013-12-10,DA,LẤY X1 VỀ 11/12/13
DA04,,DA,
DA08,2014-07-18,DA,11
DA09,2014-07-21,DA,10
DA10,2014-08-20,DA,24
DA11,2014-09-05,DA,6
DA12,2014-10-05,DA,9
DA13,2014-10-15,DA,13
DA14,,DA,
DA16,2014-12-30,DA,13
DA19,2015-04-05,DA,10
DA20,2015-04-17,DA,4
DA22,2015-07-23,DA,
DA23,2015-11-22,DA,10
DA26,2016-06-17,DA,
DA27,2016-06-17,DA,
DA28,2016-07-19,DA,
DA30,2016-08-02,DA,
DA31,2016-07-22,DA,2bo
DA32,2016-09-02,DA,
DA34,2016-09-10,DA,10 bo
DA35,2016-09-18,DA,
DA36,,DA,
DA38,2017-01-07,DA,
DA40,2017-01-17,DA,
DA41,2017-01-23,DA,
DA42,2017-02-18,DA,
DA43,2017-03-04,DA,
DA44,2017-03-15,DA,
DA45,2017-03-29,DA,
DA46,,DA,
DA47,2017-04-18,DA,
DA48,2017-05-20,DA,
DA49,2017-06-12,DA,
DA50,2017-06-23,DA,
DA51,2017-07-06,DA,
DA52,2017-07-14,DA,
DA53,2017-07-19,DA,
DA54,2017-08-08,DA,
DA55,2017-08-21,DA,
DA56,2017-10-18,DA,
DA57,2017-11-04,DA,
DA58,2017-12-16,DA,
DA59,2017-12-28,DA,
DA60,2018-04-16,DA,
DA61,2018-06-30,DA,
DA62,2018-07-15,DA,
DA63,,DA,
DK22.001,2022-06-22,DK,
DK22.002,2022-07-26,DK,
DQ20.001,2020-09-23,DQ,7 bộ khuôn (gửi)
DQ21.001,2021-05-12,DQ,01 bộ Đoàn L.xe mang về - của Đoàn.P.Châm.
DQ21.002,2021-06-02,DQ,2 bộ
Foshan10,,Fo,
HC21.001,2021-11-05,HC,
HC21.002,2021-11-10,HC,1 bộ.
HC21.003,2021-11-26,HC,1 bộ - Ko giấy tờ
HC21.004,2021-12-03,HC,4 bộ- ko giấy-người giao.
HC22.001,2022-02-25,HC,Khuôn gửi.
HC22.002,2022-03-13,HC,
HC22.003,2022-10-01,HC,KHACH GUI 4 BO KHUON
HC22.005,2022-11-21,HC,khach gui 1 bo khuon
HD03,2015-09-13,HD,
HHT09,2010-04-30,HH,
HHT11,,HH,
HHT20 ,,HH,
HHT22,2016-06-16,HH,93 bo + 4 dem
HMD01,2016-05-06,HM,trung 9 bo 1017: 901~ 909
HMD03,2017-07-20,HM,
HMD2,,HM,
HMDA03,,HM,
HN01,2003-10-28,HN,
HN02,2021-02-21,HN,2 bộ(nghĩa gửi)
HN21.002,2021-05-26,HN,2 bộ Khuôn gửi.
HN21.003,2021-06-08,HN,2 bộ-Chưa có giấy
HN22.001,2022-06-14,HN,
HOANGNAM,2020-03-03,HO,
HP01,2015-12-31,HP,22
HP02,2016-01-20,HP,12
HP03,,HP,
HP04,2016-03-23,HP,
HP05,,HP,
HP06,,HP,
HP07,,HP,
HP08,,HP,
HP09,,HP,
HP10,,HP,
HP100,2017-12-01,HP,
HP101,,HP,
HP102,2018-01-21,HP,
HP103,2018-01-30,HP,
HP104,2018-02-06,HP,
HP105,2018-02-10,HP,
HP106,,HP,
HP107,,HP,
HP108,,HP,
HP109,,HP,
HP11,,HP,
Hp110,2018-03-29,Hp,
HP111,,HP,
HP112,,HP,
HP113,2018-06-01,HP,
HP114,,HP,
HP115,,HP,
HP116,2018-07-12,HP,
HP117,,HP,
Hp118,2018-08-04,Hp,
HP119,,HP,
HP120,2018-08-17,HP,
HP121,2018-09-05,HP,
HP122,2018-09-12,HP,
HP123,2018-10-03,HP,
HP124,2018-10-11,HP,
HP125,2018-10-27,HP,
HP126,2018-11-08,HP,
HP127,,HP,
HP128,2018-12-24,HP,
HP129,2018-12-29,HP,
HP13,2016-06-28,HP,
HP130,2019-01-29,HP,
HP131,2019-02-14,HP,
HP132,2019-02-24,HP,
HP133,,HP,
HP134,2019-07-03,HP,
HP135,2019-07-06,HP,
HP136,2019-07-09,HP,
HP137,2019-09-17,HP,9 khuôn+1 đệm khuôn 1350T
HP14,2016-07-03,HP,
HP15,,HP,
HP16,2016-07-17,HP,9 bo
HP18,2016-07-28,HP,
HP19005,2019-09-25,HP,Thắng: 25/9/19; BB 19/10/19
HP19006,2019-10-01,HP,Thắng đưa BB 29/10/19 CÓ TỪ 1/10; BB:29/10/19
HP19007,2019-11-26,HP,Đua BB 9/12/19
HP19008,2019-12-01,HP,
HP19009,2019-12-16,HP,
HP19010,2019-12-16,HP,
HP20,2016-08-04,HP,
HP20.001,2020-09-05,HP,2 bộ.
HP20.002,2020-09-22,HP,2 bộ. Ko có giấy giao hàng.
HP20.003,2020-09-27,HP,
HP20.004,2020-09-28,HP,2 bộ SLAD. Ko có giấy giao hàng.
HP20.005,2020-09-30,HP,3.. hùng khai thêm bộ SLSN01 bộ khuôn.
HP20.006,2020-09-30,HP,3 bộ
HP20.007,2020-10-01,HP,2 bộ+1 MẢNH CN343-5H
HP20.008,2020-10-06,HP,2 bộ khuôn+ 1 đệm có rãnh khí slad01.
HP20.009,2020-10-07,HP,3 bộ khuôn + 01 đệm SLSN06 + NS023-1H sửa lại.
HP20.010,2020-10-13,HP,1 KHUÔN+2 DAO CẮT 638.
HP20.011,2020-11-12,HP,2 bộ khuôn và bộ NS009-5H-sửa bảo hành.
HP20.012,2020-11-23,HP,2 bộ
HP20.013,2021-06-03,HP,Về đã lâu-Ký phiếu nhập Vât tư.
HP21.001,2021-04-16,HP,3 bộ khuôn.
HP21.002,2021-04-23,HP,02 bộ khuôn.
HP21.003,2021-04-25,HP,"Về CN, Hùng Km nhận - Không có giấy giao khuôn."
HP21.004,2021-05-15,HP,01 bộ khuôn.
HP21.005,2021-05-25,HP,18 cái đẹm ép.
HP21.006,2021-05-27,HP,16 đệm ép - 07 khuôn - 01 đệm khuôn.
HP21.007,2021-06-02,HP,7 bộ khuôn.
HP21.008,2021-06-05,HP,5 bộ khuôn.(TRƯỜNG KM NHẬN)
HP21.009,2021-06-12,Hp,1 bộ khuôn & 2 mảnh khuôn.
HP21.010,2021-07-08,HP,2 mảnh khuôn.
HP21.011,2021-07-29,HP,1 bộ khuôn.
HP21.012,2021-08-17,HP,2 mảnh khuôn.
HP21.013,2021-09-08,HP,1 bộ khuôn.
HP21.014,2021-09-10,HP,1 bộ khuôn.
HP21.015,2021-09-13,HP,2 bộ. Về đêm 12/9/21. Ko có giấy giao.
HP21.016,2021-09-16,HP,1 bộ.
HP21.017,2021-09-21,HP,06 bộ.
HP21.018,2021-09-25,HP,1 bộ khuôn + 02 bộ AP gửi.
HP21.019,2021-11-13,HP,1 bộ.
HP21.020,2021-11-19,HP,Chưa có giấy (Cương HP báo)
HP21.021,2021-11-24,HP,
HP21.022,2021-12-01,HP,
HP21.023,2021-12-04,HP,xe Đặng Quốc Đoàn về tối 3/12/21-Việt XN đang ni tơ.
HP21.024,2021-12-05,HP,
HP21.025,2021-12-11,HP,
HP21.026,2021-12-16,HP,
HP21.027,2021-12-20,HP,
HP21.028,2021-12-28,HP,
HP21.029,2021-12-29,HP,
HP22.001,2022-01-08,HP,
HP22.002,2021-01-15,HP,
HP22.003,2022-01-19,HP,
HP22.004,2022-02-19,HP,
HP22.005,2022-02-22,HP,
HP22.006,2022-03-01,HP,
HP22.007,2022-03-06,HP,Cương báo gửi xe Vĩnh mang về tối 5/3/21.
HP22.008,2022-03-09,HP,
HP22.009,2022-03-19,HP,
HP22.010,2022-03-23,HP,"4 bộ mới+2 bộ DQ2688,2689-cắt dày."
HP22.011,2022-03-26,HP,
HP22.012,2022-04-04,HP,
HP22.013,2022-04-14,HP,
HP22.014,2022-04-16,HP,
HP22.015,2022-04-29,HP,
HP22.016,2022-05-06,HP,
HP22.017,2022-05-12,HP,
HP22.018,2022-05-24,HP,
HP22.019,2022-06-06,HP,
HP22.020,2022-06-09,HP,
HP22.021,2022-06-17,HP,
HP22.022,2022-07-08,HP,
HP22.023,2022-07-15,HP,
HP22.024,2022-08-30,HP,
HP22.025,2022-08-29,HP,NHẬN 1 BỘ KHUÔN KHUÔN MR TRỤ AN PHÚ
HP22.026,2022-08-29,HP,NHẬN 3 BỘ KHUÔN TỪ HP
HP22.027,2022-09-09,HP,nhận 3 bộ khuôn  và 1 đệm cắt
HP22.028,2022-09-14,hp,1 dao cắt 1350 và 1 bộ khuôn 178*120 ns041-1
HP22.029,2022-09-22,HP,1 BỘ KHUÔN
HP22.030,2022-09-30,HP,1 bộ khuôn
HP22.031,2022-10-11,HP,2 BỘ
HP22.032,2022-10-29,HP,
HP22.033,2022-11-24,HP,3 bo khuon
HP22.034,2022-11-25,HP,1 BO KHUON + 1 BO NTM01-1 ĐI BAO HANH
HP22.035,2022-11-30,HP,01 bo khuon
HP22.036,2022-12-08,HP,
HP22.037,2022-12-17,HP,NHAN 2 BO KHUON
HP22.038,2022-12-23,HP,NHẬN 2 BỘ KHUÔN
HP22.039,2022-12-30,HP,VỀ 5 BỘ KHUÔN
HP23,2016-08-25,HP,
HP23.001,2023-01-04,HP,nhận 2 bộ khuôn mới
HP23.002,2023-01-06,HP,NHẬN 4 BỘ KHUÔN VÀ 1 DAO CAT DI SUA LAI
HP23.003,2023-01-10,HP,Nhận 3 bộ khuôn
HP23.004,2023-01-31,HP,Nhận 5 bộ khuôn + 1 cai BOL
HP23.005,2023-02-03,HP,Nhận 1 bộ mới và 1 bộ bảo hành
HP23.006,2023-02-07,HP,nhận 3 bộ khuôn
HP23.007,2023-02-17,HP,NHẬN 1 BỘ KHUÔN
HP23.008,2023-02-20,HP,
HP23.009,2023-02-24,HP,
HP23.010,2023-03-09,HP,nhận 1 bộ khuôn
HP23.011,2023-03-13,HP,nhận 6 bộ khuôn
HP23.012,2023-03-18,HP,nận 3 bộ khuôn mới
HP23.013,2023-03-20,HP,NHẬN 1 BỘ KHUÔN
HP23.014,2023-03-29,HP,
HP23.015,2023-04-07,HP,
HP23.016,2023-04-11,HP,
HP23.017,2023-04-14,HP,
HP23.018,2023-04-15,HP,nhận 1 bộ khuôn
HP23.019,2023-04-17,HP,NHẬN 6 BỘ KHUÔN
HP23.020,2023-04-18,HP,
HP23.021,2023-04-20,HP,Nhận 2 bộ khuôn và 1 bộ An phú gửi
HP23.022,2023-04-22,HP,
HP23.023,2023-04-26,HP,
HP23.024,2023-05-06,HP,
HP23.026,2023-05-19,HP,
HP23.027,2023-05-23,HP,
HP23.028,2023-05-30,HP,
HP23.029,2023-05-26,HP,
HP23.031,2023-06-03,HP,
HP23.032,2023-06-20,HP,NHẬN 5 BỘ KHUÔN MỚI VÀ 2 BỘ SỬA BẢO HÀNH
HP23.033,2023-06-24,HP,
HP23.034,2023-06-27,HP,
HP23.035,2023-07-12,HP,
HP24,2016-09-05,HP,8 bộ
HP26,2016-09-16,HP,
HP28,2016-09-19,HP,8 bo toan x1
HP29,2016-09-30,HP,13 bo
HP30,2016-10-06,HP,5 bo
HP31,2016-10-16,HP,13 bo
HP32,2016-10-19,HP,4 bo
HP34,2016-10-26,HP,
HP36,2016-11-08,HP,6 bo
HP41,,HP,
HP43,2016-12-16,HP,
HP43A,,HP,
HP44,,HP,
HP45,,HP,
HP46,,HP,
HP48,2017-02-10,HP,
HP49,2017-02-14,HP,
HP51,,HP,
HP53,2017-03-09,HP,
HP54,,HP,
HP55,2017-03-23,HP,
HP56,,HP,
HP58,2017-04-05,HP,
HP59,2017-04-10,HP,
HP60,2017-04-20,HP,
HP62,2017-05-04,HP,
HP64,,HP,
HP65,,HP,
HP66,,HP,
HP67,2017-05-29,HP,
HP68,2017-06-12,HP,
HP69,2017-06-16,HP,
HP70,2017-06-18,HP,
HP71,,HP,
HP72,2017-07-05,HP,
HP73,2017-07-07,HP,
HP74,,HP,
HP75,,HP,
HP76,2017-07-20,HP,
HP77,,HP,
HP78,2017-07-29,HP,
HP79,2017-08-03,HP,
HP80,2017-08-10,HP,
HP81,,HP,
HP82,2017-08-18,HP,
HP83,2017-08-22,HP,
HP84,,HP,
HP85,,HP,
HP86,,HP,
HP87,,HP,
HP88,2017-09-13,HP,
HP89,2017-09-14,HP,
HP90,,HP,
HP91,2017-09-26,HP,
HP92,,HP,
HP93,,HP,
HP94,,HP,
HP96,2017-10-27,HP,
HP97,,HP,
HP98,2017-12-03,HP,
HP99,2017-12-28,HP,
HT05,2005-04-09,HT,
HTT14,2011-05-12,HT,
HV21.001,2021-09-11,HV,1 bộ khuôn gửi.
JG03,2011-07-05,JG,11
JG0319,,JG,
JG0419,2019-10-23,JG,
JG109 ,,JG,
JG111,2010-09-28,JG,10
JG118 ,,JG,
JG133 ,,JG,
JG137,2009-12-06,JG,
JG139,2010-09-28,JG,10
JG151 ,,JG,
JG152,2010-09-24,JG,10
JG154,2010-09-15,JG,10
JG155,2010-09-15,JG,10
JG156,2010-09-14,JG,10
JG158,2010-10-02,JG,10
JG160,2010-12-26,JG,10
JG161,2010-11-25,JG,10
JG162,,JG,
JG163,2010-10-26,JG,10
JG164,2010-11-25,JG,10
JG167,2010-12-21,JG,10
JG170,2011-01-22,JG,11
JG172,2011-04-20,JG,11
JG173,2011-03-18,JG,11
JG174,2011-03-22,JG,11
JG175,2011-06-03,JG,11
JG176,2011-04-10,JG,11
JG177,2011-05-12,JG,11
JG178,2011-05-07,JG,11
JG180,2011-08-21,JG,11
JG181,2011-06-24,JG,11
JG182,2011-09-08,JG,11
JG183,2011-10-14,JG,11
JG186,2012-01-05,JG,12
JG188,2012-02-08,JG,
JG189,2012-02-19,JG,12
JG19.005,2019-12-02,JG,BB Ký: 9/12/19
JG19.006,2019-12-02,JG,Ngày đưa ký: 19/12/19
JG19.007,2020-01-02,JG,
JG19.008,2020-02-13,JG,
JG190,2012-02-23,JG,12
JG191,2012-03-08,JG,12
JG192,2012-03-17,JG,12
JG193,2012-04-27,JG,12
JG195 ,,JG,
JG197,,JG,
JG198,2012-07-05,JG,12
JG199,2012-08-20,JG,12
JG20.001,2020-02-14,JG,
JG20.002,2020-03-26,JG,
JG20.003,2020-03-28,JG,
JG20.004,2020-05-11,JG,7 bộ khuôn
JG20.005,2020-07-06,JG,Phiếu: 235542- 1/7/20 (4 bộ AP - VS).
JG20.006,2020-07-13,JG,8 bộ khuôn.
JG20.007,2020-07-18,JG,3 BỘ
JG20.008,2020-07-30,JG,1 bộ
JG20.009,2020-08-03,JG,8 bộ
JG20.010,2020-08-06,JG,"14 bộ, Ô Hùng Km đã nhận."
JG20.011,2020-08-11,JG,7 bộ - 2 phiếu-1 Phiếu trả CN378-2. Hùng Km nhận - Ký Bảo vệ.
JG20.012,2020-08-12,JG,8 bộ. Ông Hùng Khuôn mẫu đã nhận.N0 235734.
JG20.013,2020-08-18,JG,2 bộ NS.. Phiếu ghi cho Tân Mỹ(Đã trả phiếu-khuôn giữ lại). Ông Hùng Km nhận. Ngày 19/8/20- ông Hùng đã gửi lại phiếu (Zalo)
JG20.014,2020-08-23,JG,1 bộ. Ông Hùng nhận.
JG20.015,2020-08-28,JG,8 bộ. S.phiếu: 235804.
JG20.016,2020-08-30,JG,5 bộ JG009/20.
JG20.017,2020-09-05,JG,1 bộ. Hóa đơn ko ghi số.
JG20.018,2020-09-07,JG,7 bộ.
JG20.019,2020-09-14,JG,18 bộ khuôn + 01 đệm.
JG20.020,2020-09-15,JG,1 bộ. P:235910-12/9/20.
JG20.021,2020-09-16,JG,5 bộ. Phiếu: 235911-12/9/20.
JG20.022,2020-09-21,JG,1 bộ-No: 235940-17/9/20
JG20.023,2020-09-22,JG,3 bộ.
JG20.024,2020-10-05,JG,3 BỘ: PH 236006
JG20.025,2020-10-10,JG,5 bộ.
JG20.026,2020-10-16,JG,4 bộ khuôn + 01 đệm HN10
JG20.027,2020-10-17,JG,"9 bộ khuô, 01 đệm chuyên dùng."
JG20.028,2020-10-18,JG,1 bộ
JG20.029,2020-10-19,JG,3 bộ.
JG20.030,2020-10-23,JG,2 bộ khuôn.
JG20.031,2020-11-02,JG,Phiếu: 238118-6 bộ.
JG20.032,2020-11-09,JG,1 bộ
JG20.033,2020-12-18,JG,1 bộ TH77
JG20.034,2020-12-25,JG,2 bộ-2 phiếu.
JG20.035,2020-12-28,JG,7 bộ.
JG201 ,,JG,
JG202,2012-09-17,JG,12
JG203,2012-10-07,JG,12
JG204,2012-10-20,JG,12
JG206,2012-12-05,JG,12
JG207,2012-12-01,JG,
JG208,2012-12-08,JG,
JG21.001,2021-01-01,JG,2 phiếu: 238542+238499. 10 bộ khuôn+02 đệm khuôn. Về Km đã dem ni tơ.
JG21.002,2021-01-07,JG,1 bộ CN282-32
JG21.003,2021-01-10,JG,6 bộ khuôn. Km đã nito-ko đo độ cứng.
JG21.004,2021-01-15,JG,1 bộ.
JG21.005,2021-01-19,JG,4 bộ VIC4420.
JG21.006,2021-03-17,JG,6 bộ khuôn.
JG21.007,2021-03-21,JG,1 bộ khuôn.
JG21.008,2021-03-27,JG,2 phiếu(238928&238934)-9 bộ khuôn.
JG21.009,2021-04-02,JG,"01 bộ D16, 01 bộ CN314-2+Đệm CD CN314.(P:238855)"
JG21.010,2021-04-04,JG,3 bộ.
JG21.011,2021-04-17,JG,1 bộ HN01.
JG21.012,2021-04-27,JG,9 bộ.
JG21.013,2021-04-29,JG,2 phiếu - 9 bộ khuôn.
JG21.014,2021-05-02,JG,2 phiếu-8 bộ khuôn.
JG21.015,2021-05-10,JG,2 bộ khuôn.
JG21.016,2021-05-14,JG,3 mảnh khuôn NN150
JG21.017,2021-05-22,JG,1 bộ k+02 đện CD.
JG21.018,2021-05-24,JG,Về 02 bộ khuôn
JG21.019,2021-05-25,JG,3 bộ-đơn số 5/21.
JG21.020,2021-05-31,JG,1 bộ khuôn.
JG21.021,2021-06-08,JG,3 bộ khuôn.
JG21.022,2021-06-14,JG,5 bộ khuôn.
JG21.023,2021-06-21,JG,03 bộ CN282.
JG21.024,2021-06-24,JG,2 bộ khuôn + Đệm CD HN18.
JG21.025,2021-06-25,JG,1 bộ HN18-1
JG21.026,2021-07-02,JG,5 bộ khuôn.
JG210,2013-01-03,JG,13
JG211,2013-02-04,JG,13
JG212,2013-02-25,JG,13
JG214,2013-03-14,JG,13
JG216,2013-03-20,JG,13
JG217,2013-03-27,JG,13
JG218,2013-04-05,JG,13
JG22.001,2022-02-19,JG,
JG22.002,2022-03-05,JG,
JG22.003,2022-03-15,JG,
JG22.004,2022-04-07,JG,
JG22.005,2022-04-13,JG,
JG22.006,2022-05-12,JG,
JG22.007,2022-06-06,JG,
JG22.008,2022-09-26,JG,nhận 3 bộ khuôn hệ luxury
JG22.009,2022-09-27,JG,NHẬN 5 BỘ KHUÔN
JG22.010,2022-09-28,JG,NHẬN 6 BỘ KHUÔN
JG22.011,2022-10-01,JG,NHẬN 1 BỘ HỢP KIM VÀ 2 KHUON A
JG22.012,2022-10-05,jg,nhan 4 bo khuon
JG22.013,2022-11-22,JG,3 bọ 605 và 2 cái vic55502b
JG22.014,2022-12-01,JG,
JG22.015,2022-12-07,JG,1 BỘ nn 184 HỢP KIM VÀ 2 MANH ĐỰC
JG221,2013-05-05,JG,13
JG222,2013-06-08,JG,13
JG226 ,,JG,
JG227,,JG,
JG229,2013-10-16,JG,
JG23.001,2023-02-04,JG,NHẬN 9 BỘ KHUÔN
JG23.002,2023-05-04,JG,
JG23.003,2023-05-22,JG,
JG230,2013-11-19,JG,
JG231,2013-12-14,JG,
JG232,2013-12-14,JG,
JG234 ,,JG,
JG235,2014-02-20,JG,
JG237 ,,JG,
JG238,2014-06-03,JG,
JG242,2014-03-19,JG,
JG243,2014-03-22,JG,
JG245,2014-04-03,JG,
JG246,2014-04-16,JG,
JG249,2014-06-28,JG,
JG252,2014-10-15,JG,7
JG253,2014-11-10,JG,10
JG255,2014-11-25,JG,10
JG256,2014-12-14,JG,6
JG258,2015-01-10,JG,7
JG26,2005-06-24,JG,
JG260,2015-03-04,JG,
JG261,2015-03-08,JG,
JG262,2015-03-17,JG,7
JG263,2015-03-18,JG,
JG265,2015-03-28,JG,7
JG267,2015-03-16,JG,
JG269,2015-06-30,JG,
JG270,2015-06-30,JG,
JG271,2015-07-30,JG,6
JG272,2015-08-05,JG,42
JG273,2015-08-17,JG,22
JG274,2015-08-17,JG,37
JG276,2015-09-05,JG,23
JG278,2015-09-30,JG,
JG279,2015-09-30,JG,38
JG282,2016-03-29,JG,15
JG283,,JG,
JG284,2016-05-16,JG,
JG285,,JG,
JG288,2016-07-05,JG,3 bộ
JG290,,JG,
JG291,,JG,
JG292,2017-03-20,JG,
JG293,,JG,
JG294,2017-03-29,JG,
JG295,2017-04-03,JG,
JG297,2017-05-20,JG,
JG298,2017-05-22,JG,
JG299,2017-05-29,JG,
JG30,,JG,
JG300,,JG,
JG301,2017-07-13,JG,
JG302,2017-07-24,JG,
JG303,2017-07-27,JG,
JG304,2017-08-02,JG,
JG307,2017-09-01,JG,
JG308,2017-09-06,JG,
JG309,2017-09-17,JG,
JG31,,JG,
JG310,2017-12-15,JG,
JG311,2017-12-18,JG,
JG312,2017-12-12,JG,
JG313,2018-01-03,JG,
JG314,,JG,
JG315,2018-03-07,JG,
JG316,,JG,
JG317,2018-04-24,JG,
JG318,2018-04-28,JG,
JG319,2018-05-10,JG,
JG320,2018-06-07,JG,
JG321,,JG,
JG322,2018-06-19,JG,
JG323,2018-07-25,JG,
JG324,2018-07-30,JG,
JG325,2018-09-21,JG,
JG326,2018-09-19,JG,
JG327,2018-11-02,JG,
JG328,2019-08-14,JG,
JG329,2019-09-04,JG,BB 14h30 4/9/19 (Thắng Km lập) -Ký 6/9/19
JG330,2019-09-19,JG,17 KHUÔN +2 ĐỆM 1350(VIC55201B & VIC55301B)
JG331,2019-09-21,JG,
JG77,2011-02-16,JG,11
JG78,2010-09-14,JG,10
JG86,,JG,
JG93,2008-01-03,JG,
JG94,2008-01-09,JG,
JG95,2011-02-16,JG,11
JL01,2018-11-12,JL,
JL02,2018-11-14,JL,
JL03,2018-12-10,JL,
JL04,2019-01-03,JL,
JL05,2019-01-09,JL,
JL06,2019-01-19,JL,
JSX04,2013-04-18,JS,
JX03,2013-03-02,JX,13
JX04,2013-05-10,JX,13
JXS01,,JX,
JXS07,,JX,
JXS09,2011-07-16,JX,96
JXS10,2015-01-24,JX,68
JXS11,2015-06-20,JX,
JXS12,2015-09-30,JX,83
JXS13,2015-11-11,JX,46
JXS14,,JX,
KCD,2011-07-05,KC,Khuôn cắt đực
KDEN,,KD,
KG2,2013-07-03,KG,13
KH200930,2020-09-30,KH,Cán Xếp Khuon Hỏng -ko có trong DS -> Kho.
KK20,,KK,28/1/21-Cập nhật kiểm kê.
KK22,,KK,
MQ22.001,2022-06-23,MQ,Phiếu Vượng giữ.
MSZ16,2016-01-28,HY,0
MT03,,MT,
NC22.01,2022-08-31,NC,NHẬN 4 BỘ KHUÔN
OD21.001,2021-10-05,OD,1 bộ-Gửi.
OLD,2019-09-21,OL,Khuôn lâu rồi
PH001.21,2021-05-11,PH,Khuôn Việt tiện sửa làm lại.
PH002.21,2021-07-13,PH,1 bộ HN24 - PH từ NN184-15.
PH003.21,2021-12-08,PH,
PH15,,PH,
PH2019,,PH,
PH2020,,PH,
PH22.001,2022-02-12,PH,Sửa TC202-TC202S.
QM21.001,2021-03-09,QM,2 bộ khuôn gửi.
QM21.002,2021-05-07,QM,Gửi 01 bộ khuôn - Thắng R nhận.
QM21.003,2021-07-10,QM,5 bộ-Khuôn gửi.
QM21.004,2021-07-23,QM,2 bộ khuôn gửi.
QM21.005,2021-07-27,QM,1 bộ - Khuôn về ko giấy-Km mẫu ko báo. Khuôn gửi.
QM21.006,2021-07-29,QM,2 bộ Khuôn gửi
QM21.007,2021-08-06,QM,gửi 01 bộ khuôn.
QM21.008,2021-08-17,QM,Gửi 03 bộ khuôn +01 khuôn sửa.
QM21.009,2021-09-09,QM,3 bộ Khuôn gửi.
QM21.010,2021-09-30,QM,1 bộ - ko giấy.(gửi)
QM21.011,2021-10-06,QM,2 bộ
QM21.012,2021-03-13,QM,1 bộ gửi
QM21.014,2021-10-20,QM,1 bộ + BOl
QM21.015,2021-10-30,QM,
QM21.016,2021-11-17,QM,Gửi 1 bộ.
QM22.001,2022-04-14,QM,
QM22.002,2022-04-22,QM,1 bộ Khuôn gửi-Đã bảo Vượng đưa giấy cho A Trung viết phiếu nhập
QM22.003,2022-05-03,QM,Khuôn gửi-Đã đưa A Trung viết phiếu -3/5/22.
QM22.004,2022-05-19,QM,
QM22.005,2022-06-23,QM,2 bộ gửi-Mới. Phiếu Vượng giữ để đưa ông Trung nhập.
QM22.006,2022-07-14,QM,1 bộ gửi-Mới. Hùng khuôn mẫu báo không có giấy tờ-sau cũng ko thấy ai liên hệ.
QM22.007,2022-08-08,QM,1 bộ gửi.
QM22.008,2022-08-12,QM,gửi 2 bộ.
QM22.009,2022-09-01,QM,nhận 2 bộ khuôn khách  quang minh gửi lên
QM22.010,2022-09-13,QM,NHẠN 2 BỌ KHUON
QM22.011,,QM,GỬI 5 BỘ KHUÔN
SC23.001,2023-05-09,SC,
TECH CO1,2019-12-20,TE,
TECH CO2,2020-03-09,TE,
TECH CO3,2020-06-05,TE,2 bộ (gửi)
TH22.001,2022-11-01,TH,gửi 01 bộ khuôn
TP23.001,2023-02-21,TP,Nhận của khách 2 bộ khuôn
TP23.002,2023-02-24,TP,
TR01,2015-11-12,TR,9
TR02,2015-12-03,TR,14
TR04,2016-11-04,TR,13
TR06,2016-01-20,TR,5
TR10,,TR,
TR14,2016-08-21,TR,8
TR16,2016-09-30,TR,"18 bo, 2 bo cho can 2"
TR20,2016-11-26,TR,15 bo
TR21,,TR,
TR22,,TR,
TR23,2016-12-26,TR,4 bo
TR26,2016-01-17,TR,den 1 bo CN281-3
TR29,2017-05-17,TR,
TR30,2017-07-12,TR,
TR32,2017-08-25,TR,
TR34,2017-09-07,TR,
TR35,2017-09-19,TR,
TR38,2018-03-03,TR,
TR39,2018-03-10,TR,
TR40,2018-06-17,TR,
TR41,2018-06-28,TR,
TR42,2018-08-02,TR,
TR43,2018-09-07,TR,
TT02,,TT,
TT03,,TT,
TT05,2016-01-15,TT,
TT08,,TT,
TT10,,TT,
TT15 ,,TT,
TT20.001,2020-06-27,TT,Phiếu: 0000917 &0000919. Tổng 15 bộ khuôn BTH&VICPG.
TT20.002,2020-07-01,TT,7 bộ khuôn.
TT20.003,2020-07-02,TT,3 bộ khuôn + 1 đệm VICPG08-05.
TT20.004,2020-08-06,TT,1 bộ VIC55101A-1 + Đực VICPG07. Hùng KM nhận hồ sơ. No:0001071.
TT20.005,2020-08-17,TT,3 b.Ô Hùng Km nhận.
TT20.006,2020-08-30,TT,15 bộ.
TT20.007,2020-09-04,TT,"9 bộ. (về theo 2 bộ CN281-11,12; Giang báo để lại Tăng lại trở đi)"
TT20.008,2020-09-11,TT,6 bộ-2 phiếu.
TT20.009,2020-09-13,TT,9 bộ. No:0001201; Sửa trả BTH004-1-No:0001213.
TT20.010,2020-09-14,TT,2 bộ. Phiếu: 0001217
TT20.011,2020-09-25,TT,6 bộ khuôn-Sp: 0001244
TT21,,TT,
TT21.001,2021-06-04,TT,3 bộ khuôn. No-0002133.
TT21.002,2021-06-06,TT,1 đệm CD AE019-1
TT21.003,2021-07-10,TT,1 bộ-Ko có giấy giao-Lanh nhận.
TT21.004,2021-07-15,TT,3 bộ khuôn.
TT21.005,2021-08-11,TT,1 bộ khuôn + 2 mảnh khuôn. (Hùng nhận trước-báo sau)
TT21.006,2021-09-15,TT,1 khuôn đền-1 đệm AE020.
TT21.007,2021-10-12,TT,8 bộ.
TT21.008,2021-10-28,TT,Chưa có giấy giao
TT22,,TT,
TT24,,TT,
TT26,2017-01-17,TT,
TT27,,TT,
TT29,,TT,
TT30,,TT,
TT32,,TT,
TT34,,TT,
TT36,,TT,
TT37,,TT,
TT38,,TT,
TT39,,TT,
TT40,,TT,
TT41,,TT,
TT42,,TT,
TT43,,TT,
VC22.001,2022-05-27,VC,
VC22.003,2022-12-19,VC,KHUON THANH CONG GỬI LEN 2 BỘ
VC22.02,2022-08-31,VC,nhận 2 bộ khuôn gửi của thành công
VE21.001,2021-04-07,VE,Việt km gửi - 02 bộ.
VE22.001,2022-04-04,VE,Khuôn việt gửi-Ko có thông số.
VIY20.001,2020-11-17,VY,Khuôn gửi.
VIY20.002,2020-11-24,VY,Khuôn gửi.
VL21.001,2021-04-30,VL,Chưa có giấy giao khuôn.
VL21.002,2021-10-06,VL,Về 6 bộ khuôn.
VL21.003,2021-11-25,VL,
VL21.004,2021-12-08,VL,
VL21.005,2021-12-28,VL,
VL22.001,2022-01-07,VL,
VL22.002,2022-01-10,VL,
VL22.003,2022-01-27,VL,
VL22.004,2022-02-26,VL,
VL22.005,2022-03-02,VL,
VL22.006,2022-03-28,VL,
VL22.007,2022-03-30,VL,
VL22.008,2022-04-12,VL,
VL22.009,2022-04-22,VL,
VL22.010,2022-05-06,VL,
VL22.011,2022-06-20,VL,
VL22.012,2022-08-03,VL,
VL22.013,2022-12-06,vl,4 bộ khuôn
VL23.001,2023-02-22,,
VLT01,2019-03-01,VL,
VLT02,2019-03-04,VL,
VLT03,2019-03-19,VL,
VLT04,2019-03-21,VL,
VLT05,2019-03-27,VL,
VLT06,2019-06-26,VL,
VLT07,,VL,
VLT08,2019-07-04,VL,
VLT09,2019-07-11,VL,
VLT10,2019-07-20,VL,
VLT11,2019-09-18,VL,
VW01,2002-12-15,VW,
VW05,,VW,
VW07,2011-09-29,VW,11
VW100,2010-10-25,VW,10
VW103,,VW,
VW106,2013-01-23,VW,13
VW108,2010-11-24,VW,10
VW110,2010-10-25,VW,10
VW113,2011-06-22,VW,11
VW114,2010-11-23,VW,10
VW115,2010-11-18,VW,10
VW116,2011-09-23,VW,11
VW117,2018-11-26,VW,
VW118,2008-12-13,VW,
VW119,2010-11-26,VW,10
VW121,2010-10-25,VW,10
VW122,2011-03-10,VW,11
VW123,2010-09-17,VW,10
VW125,2010-09-18,VW,10
VW126,2010-11-23,VW,10
VW127,2011-04-14,VW,11
VW13,,VW,
VW131,2010-10-25,VW,10
VW138,2011-04-16,VW,11
VW139,2009-10-31,VW,
VW140,2011-05-08,VW,11
VW142,2010-09-17,VW,10
VW145,2011-08-09,VW,11
VW146,2011-01-21,VW,11
VW148,2010-12-03,VW,10
VW151,2010-12-03,VW,10
VW153,2010-10-02,VW,10
VW154,2010-09-17,VW,10
VW155,2010-11-14,VW,10
VW156,2011-08-02,VW,11
VW158,2010-08-09,VW,
VW159,2011-01-10,VW,11
VW160,2010-11-27,VW,10
VW163,2010-11-17,VW,10
VW164,2010-10-16,VW,10
VW165,2010-11-15,VW,10
VW167,2010-11-17,VW,10
VW168,2010-12-16,VW,10
VW169,2010-12-03,VW,10
VW170,2010-12-21,VW,10
VW171,2011-02-13,VW,11
VW172,2011-03-11,VW,11
VW174,2011-04-22,VW,11
VW175,2011-05-16,VW,11
VW177,2011-09-23,VW,11
VW178,2011-12-07,VW,11
VW180,2012-01-07,VW,12
VW185 ,,VW,
VW186,2012-06-02,VW,12
VW188,,VW,
VW189,2012-08-05,VW,12
VW19.001,2019-10-06,VW,29 KHUÔN +2 ĐỆM
VW19.002,2019-10-18,VW,28 khuôn
VW19.003,2019-12-24,VW,19B
VW19.004,2019-12-30,VW,
VW19.005,2020-01-11,VW,
VW19.006,2020-02-03,VW,11 Bộ khuôn + 01 đệm 4821.
VW190,2012-11-11,VW,12
VW191,2012-09-16,VW,12
VW192,2012-10-02,VW,12
VW193,2012-11-27,VW,12
VW195,2012-11-16,VW,12
VW198,2012-12-20,VW,12
VW199,2012-12-25,VW,12
VW20.001,2020-02-17,VW,
VW20.002,2020-03-19,VW,
VW20.003,2020-03-23,VW,
VW20.004,2020-04-06,VW,
VW20.005,2020-04-16,VW,7 BỘ+ VIC03BNT-1 BÙ (Sơn Nhận từ 16/4)
VW20.006,2020-04-25,VW,Giấy giao: 20/4/20(8 bộ khuôn); Lanh Nhận
VW20.007,2020-04-26,VW,10 bộ khuôn
VW20.008,2020-04-27,VW,13 bộ
VW20.009,2020-05-06,VW,3 bộ NS; List số: 004151-05/5/20
VW20.010,2020-05-20,VW,"3 bộ khuôn.+01 ""cái"" khuôn VIC015NT-1"
VW20.011,2020-05-23,VW,7 BỘ
VW20.012,2020-05-30,VW,2 bộ. No:004156-Giang mang về.(31/5/20)
VW20.013,2020-05-31,VW,10 bộ khuôn. No:004154(1/6/20)
VW20.014,2020-06-01,VW,"1 bộ khuôn, 8 Đệm ép 1350.No:004155(1/6/20)"
VW20.015,2020-06-03,VW,6 BỘ KHUÔN. No 004157
VW20.016,2020-06-16,VW,27 bộ+2 đệm 880: 219x58-95x55; 219x61-90x50
VW20.017,2020-06-19,VW,11 bộ
VW20.018,2020-06-23,VW,12 bộ khuôn+3 đệm khuôn máy 1350(Hình H: 279x71)
VW20.019,2020-06-27,VW,"07 bộ khuôn. Đợt 11/20; Trả về SH 04 bộ CN282(23,24,25,26)"
VW20.020,2020-07-02,VW,13 bộ khuôn. Phiếu 004164 (8b); 004165(5b).
VW20.021,2020-07-07,VW,4 Bộ khuôn+ trả lại DTl-2; PHIẾU: 004166.
VW20.022,2020-07-23,VW,14 bộ k+01 áo khuôn + Khuôn sửa lại XF5003-1.
VW20.023,2020-08-11,VW,1 bộ. Hùng nhận- Đem nitơ luôn.
VW20.024,2020-08-17,VW,9 b.Ô Hùng Km nhận.
VW20.025,2020-08-20,VW,"18 b-Có 4 bộ khuôn bù 901-656,657,658,661 và 14 khuôn mới. Ông Hùng km Nhận ký với bảo vệ."
VW20.026,2020-12-22,VW,1 bộ khuôn sửa - có cái mới. Ko có giấy. Tính vào ĐH13/20.
VW20.027,2020-12-26,VW,
VW20.028,2020-12-31,VW,6 bộ.
VW200,2013-02-04,VW,13
VW201,2013-02-25,VW,13
VW202,2013-03-12,VW,13
VW203,2013-03-20,VW,13
VW204,2013-04-18,VW,13
VW205,2013-04-12,VW,13
VW206,2013-04-18,VW,13
VW207,2013-06-02,VW,13
VW208,2013-06-11,VW,13
VW209,2013-06-21,VW,13
VW21.001,2021-01-08,VW,1 bộ + trả 13 bộ khuôn cũ (Ko bảo hành-Ko sửa)
VW21.002,2021-01-12,VW,1 bộ.
VW21.003,2021-07-24,VW,12 bộ khuôn
VW21.004,2021-08-06,VW,11 bộ khuôn mới.
VW21.005,2021-08-18,VW,10 bộ mới.
VW21.006,2021-09-15,VW,5 bộ và 01 mảnh khuôn sửa THPK04-1 .
VW21.007,2021-09-22,VW,3 bộ khuôn.
VW21.008,2021-10-26,VW,9 bộ mới-01 bộ trả
VW21.009,2021-10-29,VW,
VW21.010,2021-11-01,VW,3 bộ
VW21.011,2021-11-02,VW,2 bộ.
VW21.012,2021-11-05,VW,1 bộ khuôn.
VW21.013,2021-11-26,VW,
VW21.014,2021-12-04,VW,
VW210,2013-06-25,VW,13
VW211,2013-07-12,VW,13
VW212,2013-07-12,VW,
VW214,2013-08-17,VW,
VW215,2013-12-14,VW,
VW217,2013-09-03,VW,
VW218,2013-09-05,VW,
VW219,2013-09-17,VW,LẤY X1 VỀ NGÀY 14/12/13
VW22.001,2022-01-07,VW,
VW22.002,2022-01-22,VW,
VW22.003,2022-01-27,VW,
VW22.004,2022-02-13,VW,
VW22.005,2022-02-16,VW,
VW22.006,2022-02-18,VW,
VW22.007,2022-02-25,VW,
VW22.008,2022-03-03,VW,
VW22.009,2022-03-06,VW,Mang về tối 5/3/22-Xe Đặng Đoàn
VW22.010,2022-03-10,VW,
VW22.011,2022-03-12,VW,
VW22.012,2022-03-13,VW,
VW22.013,2022-03-17,VW,
VW22.014,2022-03-23,VW,
VW22.015,2022-03-25,VW,
VW22.016,2022-03-31,VW,
VW22.017,2022-04-01,VW,
VW22.018,2022-04-04,VW,
VW22.019,2022-04-20,VW,
VW22.020,2022-04-26,VW,
VW22.021,2022-05-08,VW,
VW22.022,2022-05-14,VW,
VW22.023,2022-05-22,VW,
VW22.024,2022-05-25,VW,
VW22.025,2022-06-04,VW,
VW22.026,2022-06-08,VW,
VW22.027,2022-06-14,VW,
VW22.028,2022-06-17,VW,
VW22.029,2022-08-03,VW,
VW22.030,2022-08-12,VW,10 bộ mới + 1 bộ sửa
VW22.031,2022-08-27,VW,
vw22.032,,,
VW22.033,2022-10-04,vw,8 bộ khuôn
VW22.034,2022-10-13,VW,
VW22.035,2022-10-17,VW,
VW22.036,2022-10-26,vw,2 manh và 1 bo
VW22.037,2022-11-21,VW,2 BỘ
vw22.038,2022-11-26,VW,
VW22.039,2022-12-03,VW,
VW22.040,2022-12-23,VW,NHẬN 8 BỘ KHUÔN XUẤT KHẨU
VW220,2013-09-24,VW,LẤY X1 VỀ CHẠY NGÀY 13/12/13
VW221,2013-10-03,VW,
VW222,2013-10-18,VW,
VW223,2013-11-20,VW,
VW23.001,2023-01-06,VW,Nhận 2 đệm chuyên dụng
VW23.002,2023-01-10,,
VW23.003,2023-01-12,VW,NHẬN 2 BỘ KHUÔN
VW23.004,2023-02-14,VW,nhận 1 bộ FW006 mới và 2 bộ khuôn sửa về
VW23.005,2023-02-23,VW,Nhậ 1 bộ khuôn mới + 2 bộ sửa bảo hành
VW23.006,2023-03-03,VW,nhận 1 bộ khuôn mới và 3 bộ sửa
VW23.007,2023-03-11,VW,nhận 7 bộ khuôn
VW23.008,2023-03-16,VW,nhận11 bộ khuôn mới + 1 bộ khuôn bảo hành về
VW23.009,2023-03-24,vw,NHẬN 5 BỘ KHUÔN MỚI VÀ 4 BỘ KHUÔN SỬA
VW23.010,2023-04-01,VW,NHAN 1 BO KHUON
VW23.011,2023-04-10,VW,
VW23.012,2023-05-10,vw,
VW23.013,2023-05-15,vw,nhận 2 mảnh CN285 mới và 1 bộ sửa chữa
VW23.014,2023-05-17,VW,
VW23.015,2023-05-29,VW,
VW23.016,2023-06-16,VW,
VW230,2014-03-19,VW,
VW231,2014-03-22,VW,
VW235,2014-08-16,VW,21
VW236,2014-10-03,VW,18
VW237,2014-10-21,VW,6
VW238,2014-11-04,VW,24
VW239,2014-11-14,VW,12
VW24,2004-11-17,VW,
VW240,2014-11-20,VW,13
VW241,2014-12-03,VW,5
VW243,2014-12-29,VW,16
VW244,2014-01-10,VW,5
VW245,2015-01-16,VW,9
VW246,2015-01-27,VW,14
VW247,2015-02-02,VW,12
VW248,2015-02-27,VW,
VW249,2015-03-13,VW,31
VW250,2015-03-24,VW,
VW251,2015-04-11,VW,
VW252,2015-04-24,VW,34
VW253,2015-05-05,VW,19
VW254,2015-05-10,VW,Khuon moi chua nhap het
VW255,2015-05-20,VW,
VW256,,VW,
VW257,2015-06-28,VW,
VW258,2015-07-03,VW,Hào nhập
VW260,2015-07-14,VW,11
VW261,2015-08-08,VW,
VW263,2015-08-10,VW,17
VW264,2015-09-10,VW,35
VW265,2015-10-24,VW,12
VW266,,VW,
VW267,,VW,
VW269,2015-12-06,VW,13
VW270,2015-12-15,VW,18
VW271,2015-12-30,VW,14
VW272,2016-01-05,VW,14
VW273,2016-01-19,VW,9
VW274,2016-02-16,VW,26
VW275,2016-02-23,VW,
VW276,,VW,
VW277,2016-03-16,VW,23
VW282,2016-01-20,VW,28 bo
VW284,2016-11-17,VW,28 bo
VW285,2016-11-22,VW,5 bo
VW286,,VW,
VW287,2016-12-20,VW,25 bo
VW288,,VW,
VW289,2017-01-19,VW,
VW290,2017-02-07,VW,
VW293,,VW,
VW294,2019-08-27,VW,Thắng Km: (khuôn đền -6 bộ)
VW33,2011-08-02,VW,11
VW45,2005-10-29,VW,
VW51,2006-02-06,VW,
VW58,2011-08-26,VW,11
VW78,2007-03-03,VW,
VW87,,VW,
VW93,2011-08-27,VW,11
VW97,2007-10-22,VW,
VW98,2010-11-26,VW,
Xingshun01,2016-05-18,Xi,
Xingshun04,,Xi,
Xingshun05,,Xi,
Xingshun06,,Xi,
Xingshun08,,Xi,
XS01,2014-12-23,XS,17
XS03,2016-05-18,XS,"trung 9 bo 1017: 901~ 909 đánh dau "" +"""
XS04,2016-10-13,XS,128 bo
XS05,2017-02-07,XS,
XS06,2017-04-25,XS,
XS08,2017-11-23,XS,
XS20.001,2020-06-20,XS,34 Bộ. Đặt 14/3/20.
XS20.002,2020-09-12,XS,63 bộ.
XS20.003,2021-01-20,XS,"35 bộ khuôn, 1 áo khuôn, 4 đệm khuôn."
XS22.001,2022-08-07,XS, tổng 55 bộ
ZW21.001,2021-07-21,ZW,02 bộ khuôn(cũ). Khuôn gửi.
ZW21.002,2021-07-29,ZW,7 bộ khuôn kèm 02 đệm đi theo.(gửi)
CM23.032,2023-07-18,CM,
CM23.033,2023-07-21,CM,
HP23.036,2023-07-21,HP,
CM23.029,2023-07-06,CM,
VW23.017,2023-07-25,VW,
HP23.037,2023-07-27,HP,
HP23.038,2023-07-29,HP,
CM23.034,2023-07-26,CM,
CM23.035,2023-07-26,CM,
CM23.036,2023-07-31,CM,
HP23.039,2023-08-03,HP,
HP23.040,2023-08-05,HP,
HP23.041,2023-08-09,HP,
BR23.015,2023-08-03,BR,
BR23.016,2023-08-05,BR,
CM23.040,2023-08-05,CM,
CM23.041,2023-08-14,CM,
HP23.042,2023-08-18,HP,
CM23.042,2023-08-18,CM,
HP23.43,2023-08-17,HP,
BR23.017,2023-08-12,BR,
JG23.004,2023-06-15,JG,
